{"type":"Topology","arcs":[[[6901,6911],[0,-94],[0,-94],[0,-95],[0,-94],[0,-14],[0,-39],[0,-60],[0,-79],[0,-93],[0,-104],[0,-111],[0,-115],[0,-115],[1,-111],[0,-104],[0,-93],[0,-78],[0,-61],[0,-39],[0,-14],[0,-45],[-6,-13],[-16,-5],[-69,0],[-83,0],[-82,0],[-83,0],[-82,0],[-83,0],[-82,0],[-83,0],[-82,0],[-83,0],[-82,0],[-83,0],[-83,0],[-82,0],[-83,0],[-82,0],[-83,0],[-82,0],[-83,0],[-82,0],[-83,0],[-82,0],[-83,0],[-82,0],[-83,0],[-82,0],[-83,0],[-82,0],[-83,0],[-83,0],[-82,0],[-83,0],[-82,-1],[0,-75],[0,-76],[0,-76],[0,-76],[0,-75],[0,-76],[0,-76],[0,-76],[0,-75],[0,-76],[0,-76],[0,-76],[0,-76],[0,-75],[0,-76],[0,-76],[0,-76],[0,-75],[0,-76],[0,-76],[0,-76],[0,-76],[0,-75],[0,-76],[0,-76],[0,-76],[0,-75],[0,-76],[0,-76],[0,-76],[0,-76],[0,-75],[0,-81],[-3,-34],[-11,-17],[-84,-25],[-180,-97],[-29,-10],[-138,-23],[-50,-19],[-52,-40],[-88,-69],[-102,-80],[-82,-65],[-16,-22],[-70,-112],[-27,-64],[-10,-67],[8,-65],[40,-128],[11,-65],[13,-251],[14,-251],[23,-414],[5,-87],[9,-162],[-120,0],[-34,0],[-96,0],[-149,0],[-193,0],[-228,0],[-229,0],[-26,0],[-272,0],[-281,0],[-282,0],[-272,0],[-255,-1],[-228,0],[-193,0],[-149,0],[-96,0],[-33,0],[-96,0],[-7,-8],[-15,-87],[-15,-96],[-35,-115],[-6,-32],[-19,-91],[-3,-30],[20,-108],[-9,26],[-26,45],[-4,25],[3,14],[7,23],[2,14],[0,48],[3,18],[15,52],[34,298],[7,37],[2,14],[1,41],[53,9],[180,41],[123,10],[320,0],[122,20],[99,0],[139,-10],[115,-20],[123,-20],[139,0],[115,-10],[147,0],[107,10],[73,50],[66,100],[24,80],[25,71],[-8,70],[-8,40],[41,50],[49,80],[49,50],[16,40],[50,41],[57,70],[33,50],[40,69],[9,61],[16,80],[0,140],[17,171],[24,110],[16,90],[17,140],[49,241],[16,71],[33,109],[41,101],[33,71],[41,59],[57,40],[90,41],[66,40],[82,40],[73,30],[66,40],[25,39],[41,71],[57,130],[33,80],[49,101],[57,70],[36,27],[30,23],[74,51],[90,59],[65,50],[58,51],[49,39],[57,61],[25,50],[33,90],[40,141],[33,150],[33,160],[24,100],[25,120],[33,91],[24,100],[17,40],[0,50],[16,71],[3,5],[1,0],[21,35],[57,20],[66,20],[103,16],[30,17],[16,59],[12,51],[39,82],[43,66],[25,40],[34,69],[34,50],[58,64],[51,50],[17,51],[0,61],[-36,49],[-26,90],[106,27],[92,30],[85,30],[102,40],[76,0],[59,10],[85,-20],[84,-10],[59,-30],[102,-60],[85,-40],[51,0],[54,20],[46,28],[28,2],[43,-21],[66,-40],[67,0],[68,11],[51,50],[84,80],[68,60],[61,38],[49,10],[55,0],[63,2],[102,-10],[68,0],[92,14],[77,16],[34,31],[0,40],[-17,60],[-18,57],[-5,53],[11,56],[12,44],[-8,71],[-24,83],[-5,46],[1,2],[1,0],[52,0],[58,0]]],"transform":{"scale":[0.0012204919230657852,0.0009976200254666356],"translate":[-17.104644334999932,20.766913153000075]},"objects":{"SAH":{"type":"GeometryCollection","geometries":[{"arcs":[[0]],"type":"Polygon","properties":{"featurecla":"Admin-1 states provinces","scalerank":10,"adm1_code":"SAH+00?","diss_me":10150,"iso_3166_2":"EH-X01~","wikipedia":"","iso_a2":"EH","adm0_sr":1,"name":"Western Sahara","name_alt":"","name_local":"","type":"","type_en":"","code_local":"","code_hasc":"EH.X01~","note":"","hasc_maybe":"","region":"","region_cod":"","provnum_ne":0,"gadm_level":0,"check_me":0,"datarank":10,"abbrev":"","postal":"","area_sqkm":0,"sameascity":-99,"labelrank":20,"name_len":14,"mapcolor9":4,"mapcolor13":4,"fips":"","fips_alt":"","woe_id":23424990,"woe_label":"","woe_name":"Western Sahara","latitude":23.813,"longitude":-12.8924,"sov_a3":"SAH","adm0_a3":"SAH","adm0_label":5,"admin":"Western Sahara","geonunit":"Western Sahara","gu_a3":"SAH","gn_id":0,"gn_name":"","gns_id":0,"gns_name":"","gn_level":0,"gn_region":"","gn_a1_code":"EH.","region_sub":"","sub_code":"","gns_level":0,"gns_lang":"","gns_adm1":"","gns_region":"","min_label":18,"max_label":18,"min_zoom":18,"wikidataid":"","name_ar":"الصحراء الغربية","name_bn":"পশ্চিম সাহারা","name_de":"Westsahara","name_en":"Western Sahara","name_es":"Sahara Occidental","name_fr":"Sahara occidental","name_el":"Δυτική Σαχάρα","name_hi":"पश्चिमी सहारा","name_hu":"Nyugat-Szahara","name_id":"Sahara Barat","name_it":"Sahara Occidentale","name_ja":"西サハラ","name_ko":"웨스턴 사하라","name_nl":"Westelijke Sahara","name_pl":"Zachodnia Sahara","name_pt":"Sara Ocidental","name_ru":"Западная Сахара","name_sv":"Västsahara","name_tr":"Batı Sahra","name_vi":"Tây Sahara","name_zh":"西撒哈拉","ne_id":1159315575,"name_he":"סהרה המערבית","name_uk":"Західна Сахара","name_ur":"ویسٹرن سہارا","name_fa":"صحرای غرب","name_zht":"西撒哈拉","FCLASS_ISO":"","FCLASS_US":"","FCLASS_FR":"","FCLASS_RU":"","FCLASS_ES":"","FCLASS_CN":"","FCLASS_TW":"","FCLASS_IN":"","FCLASS_NP":"","FCLASS_PK":"","FCLASS_DE":"","FCLASS_GB":"","FCLASS_BR":"","FCLASS_IL":"","FCLASS_PS":"","FCLASS_SA":"","FCLASS_EG":"","FCLASS_MA":"","FCLASS_PT":"","FCLASS_AR":"","FCLASS_JP":"","FCLASS_KO":"","FCLASS_VN":"","FCLASS_TR":"","FCLASS_ID":"","FCLASS_PL":"","FCLASS_GR":"","FCLASS_IT":"","FCLASS_NL":"","FCLASS_SE":"","FCLASS_BD":"","FCLASS_UA":"","FCLASS_TLC":""}}]}}}